num_walks	walk_length	score
10	10	0.84525153
10	20	0.8473524324999999
10	30	0.8435649949999999
10	50	0.79963056
20	10	0.847184895
20	20	0.8466677325
20	30	0.84395974
20	50	0.79609191
30	10	0.8472119300000001
30	20	0.8457881
30	30	0.84243093
30	50	0.79626737
50	10	0.847778085
50	20	0.8480065250000001
50	30	0.8416520900000001
50	50	0.7941256775000001
