dim	score
20	0.6674295475
50	0.7888729875
80	0.8220910374999999
100	0.8324505425
200	0.8403694125
500	0.8371861625
