dim	score
20	0.6724547925
50	0.79216023
80	0.8259318825
100	0.8356125725
200	0.8464423174999999
500	0.8427989874999999
