num_walks	walk_length	score
10	10	0.8462269200000001
10	20	0.846154685
10	30	0.8413053
10	50	0.7962862024999999
20	10	0.8461148425
20	20	0.84678446
20	30	0.8421094625
20	50	0.79406794
30	10	0.84714503
30	20	0.847097415
30	30	0.8422988025
30	50	0.794027185
50	10	0.846435925
50	20	0.8458320475000001
50	30	0.84226604
50	50	0.7960033750000001
